file,line,type,commit,author,date,time,timezone,datetime,depth,length
style.css,1,css,126716b3,Rose Park,2026-04-04,21:33:38,-07:00,2026-04-04T21:33:38-07:00,0,4
style.css,2,css,126716b3,Rose Park,2026-04-04,21:33:38,-07:00,2026-04-04T21:33:38-07:00,1,23
style.css,3,css,ed89d33d,Rose Park,2026-04-04,21:57:19,-07:00,2026-04-04T21:57:19-07:00,0,0
style.css,4,css,ed89d33d,Rose Park,2026-04-04,21:57:19,-07:00,2026-04-04T21:57:19-07:00,0,0
style.css,5,css,ed89d33d,Rose Park,2026-04-04,21:57:19,-07:00,2026-04-04T21:57:19-07:00,0,3
style.css,6,css,ed89d33d,Rose Park,2026-04-04,21:57:19,-07:00,2026-04-04T21:57:19-07:00,1,14
style.css,7,css,ed89d33d,Rose Park,2026-04-04,21:57:19,-07:00,2026-04-04T21:57:19-07:00,1,11
style.css,8,css,e12c26b9,Rose Park,2026-04-11,16:26:59,-07:00,2026-04-11T16:26:59-07:00,0,0
style.css,9,css,e12c26b9,Rose Park,2026-04-11,16:26:59,-07:00,2026-04-11T16:26:59-07:00,0,0
style.css,10,css,e12c26b9,Rose Park,2026-04-11,16:26:59,-07:00,2026-04-11T16:26:59-07:00,0,4
style.css,11,css,e12c26b9,Rose Park,2026-04-11,16:26:59,-07:00,2026-04-11T16:26:59-07:00,1,23
style.css,12,css,e12c26b9,Rose Park,2026-04-11,16:26:59,-07:00,2026-04-11T16:26:59-07:00,0,0
style.css,13,css,e12c26b9,Rose Park,2026-04-11,16:26:59,-07:00,2026-04-11T16:26:59-07:00,1,15
style.css,14,css,e12c26b9,Rose Park,2026-04-11,16:26:59,-07:00,2026-04-11T16:26:59-07:00,1,18
style.css,15,css,e12c26b9,Rose Park,2026-04-11,16:26:59,-07:00,2026-04-11T16:26:59-07:00,1,11
style.css,16,css,e12c26b9,Rose Park,2026-04-11,16:26:59,-07:00,2026-04-11T16:26:59-07:00,0,0
style.css,17,css,e12c26b9,Rose Park,2026-04-11,16:26:59,-07:00,2026-04-11T16:26:59-07:00,0,0
style.css,18,css,e12c26b9,Rose Park,2026-04-11,16:26:59,-07:00,2026-04-11T16:26:59-07:00,0,3
style.css,19,css,e12c26b9,Rose Park,2026-04-11,16:26:59,-07:00,2026-04-11T16:26:59-07:00,1,12
style.css,20,css,e12c26b9,Rose Park,2026-04-11,16:26:59,-07:00,2026-04-11T16:26:59-07:00,0,0
style.css,21,css,e12c26b9,Rose Park,2026-04-11,16:26:59,-07:00,2026-04-11T16:26:59-07:00,0,0
style.css,22,css,e12c26b9,Rose Park,2026-04-11,16:26:59,-07:00,2026-04-11T16:26:59-07:00,0,5
style.css,23,css,e12c26b9,Rose Park,2026-04-11,16:26:59,-07:00,2026-04-11T16:26:59-07:00,1,6
style.css,24,css,e12c26b9,Rose Park,2026-04-11,16:26:59,-07:00,2026-04-11T16:26:59-07:00,1,17
style.css,25,css,e12c26b9,Rose Park,2026-04-11,16:26:59,-07:00,2026-04-11T16:26:59-07:00,0,0
style.css,26,css,e12c26b9,Rose Park,2026-04-11,16:26:59,-07:00,2026-04-11T16:26:59-07:00,0,0
style.css,27,css,e12c26b9,Rose Park,2026-04-11,16:26:59,-07:00,2026-04-11T16:26:59-07:00,0,5
style.css,28,css,e12c26b9,Rose Park,2026-04-11,16:26:59,-07:00,2026-04-11T16:26:59-07:00,1,20
style.css,29,css,e12c26b9,Rose Park,2026-04-11,16:26:59,-07:00,2026-04-11T16:26:59-07:00,1,13
style.css,30,css,e12c26b9,Rose Park,2026-04-11,16:26:59,-07:00,2026-04-11T16:26:59-07:00,1,13
style.css,31,css,e12c26b9,Rose Park,2026-04-11,16:26:59,-07:00,2026-04-11T16:26:59-07:00,0,0
style.css,32,css,e12c26b9,Rose Park,2026-04-11,16:26:59,-07:00,2026-04-11T16:26:59-07:00,0,0
style.css,33,css,e12c26b9,Rose Park,2026-04-11,16:26:59,-07:00,2026-04-11T16:26:59-07:00,0,3
style.css,34,css,e12c26b9,Rose Park,2026-04-11,16:26:59,-07:00,2026-04-11T16:26:59-07:00,1,41
style.css,35,css,e12c26b9,Rose Park,2026-04-11,16:26:59,-07:00,2026-04-11T16:26:59-07:00,1,17
style.css,36,css,e12c26b9,Rose Park,2026-04-11,16:26:59,-07:00,2026-04-11T16:26:59-07:00,0,0
style.css,37,css,e12c26b9,Rose Park,2026-04-11,16:26:59,-07:00,2026-04-11T16:26:59-07:00,0,0
style.css,38,css,e12c26b9,Rose Park,2026-04-11,16:26:59,-07:00,2026-04-11T16:26:59-07:00,0,5
style.css,39,css,e12c26b9,Rose Park,2026-04-11,16:26:59,-07:00,2026-04-11T16:26:59-07:00,1,31
style.css,40,css,e12c26b9,Rose Park,2026-04-11,16:26:59,-07:00,2026-04-11T16:26:59-07:00,0,0
style.css,41,css,e12c26b9,Rose Park,2026-04-11,16:26:59,-07:00,2026-04-11T16:26:59-07:00,0,0
style.css,42,css,e12c26b9,Rose Park,2026-04-11,16:26:59,-07:00,2026-04-11T16:26:59-07:00,0,11
style.css,43,css,e12c26b9,Rose Park,2026-04-11,16:26:59,-07:00,2026-04-11T16:26:59-07:00,1,45
style.css,44,css,e12c26b9,Rose Park,2026-04-11,16:26:59,-07:00,2026-04-11T16:26:59-07:00,0,0
style.css,45,css,e12c26b9,Rose Park,2026-04-11,16:26:59,-07:00,2026-04-11T16:26:59-07:00,0,0
style.css,46,css,e12c26b9,Rose Park,2026-04-11,16:26:59,-07:00,2026-04-11T16:26:59-07:00,0,23
style.css,47,css,e12c26b9,Rose Park,2026-04-11,16:26:59,-07:00,2026-04-11T16:26:59-07:00,1,12
style.css,48,css,e12c26b9,Rose Park,2026-04-11,16:26:59,-07:00,2026-04-11T16:26:59-07:00,0,0
style.css,49,css,e12c26b9,Rose Park,2026-04-11,16:26:59,-07:00,2026-04-11T16:26:59-07:00,0,0
style.css,50,css,1b48f51e,Rose Park,2026-04-18,21:09:40,-07:00,2026-04-18T21:09:40-07:00,0,23
style.css,51,css,e12c26b9,Rose Park,2026-04-11,16:26:59,-07:00,2026-04-11T16:26:59-07:00,1,13
style.css,52,css,e12c26b9,Rose Park,2026-04-11,16:26:59,-07:00,2026-04-11T16:26:59-07:00,1,10
style.css,53,css,e12c26b9,Rose Park,2026-04-11,16:26:59,-07:00,2026-04-11T16:26:59-07:00,0,0
style.css,54,css,e12c26b9,Rose Park,2026-04-11,16:26:59,-07:00,2026-04-11T16:26:59-07:00,0,0
style.css,55,css,1b48f51e,Rose Park,2026-04-18,21:09:40,-07:00,2026-04-18T21:09:40-07:00,0,5
style.css,56,css,1b48f51e,Rose Park,2026-04-18,21:09:40,-07:00,2026-04-18T21:09:40-07:00,1,13
style.css,57,css,1b48f51e,Rose Park,2026-04-18,21:09:40,-07:00,2026-04-18T21:09:40-07:00,0,0
style.css,58,css,1b48f51e,Rose Park,2026-04-18,21:09:40,-07:00,2026-04-18T21:09:40-07:00,0,0
style.css,59,css,e12c26b9,Rose Park,2026-04-11,16:26:59,-07:00,2026-04-11T16:26:59-07:00,0,15
style.css,60,css,e12c26b9,Rose Park,2026-04-11,16:26:59,-07:00,2026-04-11T16:26:59-07:00,1,21
style.css,61,css,e12c26b9,Rose Park,2026-04-11,16:26:59,-07:00,2026-04-11T16:26:59-07:00,0,0
style.css,62,css,e12c26b9,Rose Park,2026-04-11,16:26:59,-07:00,2026-04-11T16:26:59-07:00,0,0
style.css,63,css,e12c26b9,Rose Park,2026-04-11,16:26:59,-07:00,2026-04-11T16:26:59-07:00,0,5
style.css,64,css,e12c26b9,Rose Park,2026-04-11,16:26:59,-07:00,2026-04-11T16:26:59-07:00,1,18
style.css,65,css,e12c26b9,Rose Park,2026-04-11,16:26:59,-07:00,2026-04-11T16:26:59-07:00,0,0
style.css,66,css,e12c26b9,Rose Park,2026-04-11,16:26:59,-07:00,2026-04-11T16:26:59-07:00,0,0
style.css,67,css,e12c26b9,Rose Park,2026-04-11,16:26:59,-07:00,2026-04-11T16:26:59-07:00,0,4
style.css,68,css,e12c26b9,Rose Park,2026-04-11,16:26:59,-07:00,2026-04-11T16:26:59-07:00,1,12
style.css,69,css,e12c26b9,Rose Park,2026-04-11,16:26:59,-07:00,2026-04-11T16:26:59-07:00,1,30
style.css,70,css,e12c26b9,Rose Park,2026-04-11,16:26:59,-07:00,2026-04-11T16:26:59-07:00,1,7
style.css,71,css,e12c26b9,Rose Park,2026-04-11,16:26:59,-07:00,2026-04-11T16:26:59-07:00,0,0
style.css,72,css,e12c26b9,Rose Park,2026-04-11,16:26:59,-07:00,2026-04-11T16:26:59-07:00,0,0
style.css,73,css,e12c26b9,Rose Park,2026-04-11,16:26:59,-07:00,2026-04-11T16:26:59-07:00,0,5
style.css,74,css,e12c26b9,Rose Park,2026-04-11,16:26:59,-07:00,2026-04-11T16:26:59-07:00,1,12
style.css,75,css,e12c26b9,Rose Park,2026-04-11,16:26:59,-07:00,2026-04-11T16:26:59-07:00,1,29
style.css,76,css,e12c26b9,Rose Park,2026-04-11,16:26:59,-07:00,2026-04-11T16:26:59-07:00,1,18
style.css,77,css,e12c26b9,Rose Park,2026-04-11,16:26:59,-07:00,2026-04-11T16:26:59-07:00,0,0
style.css,78,css,e12c26b9,Rose Park,2026-04-11,16:26:59,-07:00,2026-04-11T16:26:59-07:00,0,0
style.css,79,css,e12c26b9,Rose Park,2026-04-11,16:26:59,-07:00,2026-04-11T16:26:59-07:00,0,6
style.css,80,css,e12c26b9,Rose Park,2026-04-11,16:26:59,-07:00,2026-04-11T16:26:59-07:00,1,18
style.css,81,css,e12c26b9,Rose Park,2026-04-11,16:26:59,-07:00,2026-04-11T16:26:59-07:00,0,0
style.css,82,css,e12c26b9,Rose Park,2026-04-11,16:26:59,-07:00,2026-04-11T16:26:59-07:00,0,0
style.css,83,css,e12c26b9,Rose Park,2026-04-11,16:26:59,-07:00,2026-04-11T16:26:59-07:00,0,9
style.css,84,css,e12c26b9,Rose Park,2026-04-11,16:26:59,-07:00,2026-04-11T16:26:59-07:00,1,12
style.css,85,css,e12c26b9,Rose Park,2026-04-11,16:26:59,-07:00,2026-04-11T16:26:59-07:00,1,58
style.css,86,css,e12c26b9,Rose Park,2026-04-11,16:26:59,-07:00,2026-04-11T16:26:59-07:00,1,7
style.css,87,css,e12c26b9,Rose Park,2026-04-11,16:26:59,-07:00,2026-04-11T16:26:59-07:00,0,0
style.css,88,css,e12c26b9,Rose Park,2026-04-11,16:26:59,-07:00,2026-04-11T16:26:59-07:00,0,0
style.css,89,css,e12c26b9,Rose Park,2026-04-11,16:26:59,-07:00,2026-04-11T16:26:59-07:00,0,17
style.css,90,css,e12c26b9,Rose Park,2026-04-11,16:26:59,-07:00,2026-04-11T16:26:59-07:00,1,12
style.css,91,css,e12c26b9,Rose Park,2026-04-11,16:26:59,-07:00,2026-04-11T16:26:59-07:00,1,26
style.css,92,css,e12c26b9,Rose Park,2026-04-11,16:26:59,-07:00,2026-04-11T16:26:59-07:00,1,15
style.css,93,css,e12c26b9,Rose Park,2026-04-11,16:26:59,-07:00,2026-04-11T16:26:59-07:00,0,0
style.css,94,css,e12c26b9,Rose Park,2026-04-11,16:26:59,-07:00,2026-04-11T16:26:59-07:00,0,0
style.css,95,css,e12c26b9,Rose Park,2026-04-11,16:26:59,-07:00,2026-04-11T16:26:59-07:00,0,2
style.css,96,css,e12c26b9,Rose Park,2026-04-11,16:26:59,-07:00,2026-04-11T16:26:59-07:00,1,8
style.css,97,css,e12c26b9,Rose Park,2026-04-11,16:26:59,-07:00,2026-04-11T16:26:59-07:00,0,0
style.css,98,css,e12c26b9,Rose Park,2026-04-11,16:26:59,-07:00,2026-04-11T16:26:59-07:00,0,0
style.css,99,css,e12c26b9,Rose Park,2026-04-11,16:26:59,-07:00,2026-04-11T16:26:59-07:00,0,2
style.css,100,css,e12c26b9,Rose Park,2026-04-11,16:26:59,-07:00,2026-04-11T16:26:59-07:00,1,14
style.css,101,css,e12c26b9,Rose Park,2026-04-11,16:26:59,-07:00,2026-04-11T16:26:59-07:00,0,0
style.css,102,css,e12c26b9,Rose Park,2026-04-11,16:26:59,-07:00,2026-04-11T16:26:59-07:00,0,0
style.css,103,css,e12c26b9,Rose Park,2026-04-11,16:26:59,-07:00,2026-04-11T16:26:59-07:00,0,10
style.css,104,css,e12c26b9,Rose Park,2026-04-11,16:26:59,-07:00,2026-04-11T16:26:59-07:00,1,15
style.css,105,css,e12c26b9,Rose Park,2026-04-11,16:26:59,-07:00,2026-04-11T16:26:59-07:00,1,17
style.css,106,css,1b48f51e,Rose Park,2026-04-18,21:09:40,-07:00,2026-04-18T21:09:40-07:00,0,0
style.css,107,css,1b48f51e,Rose Park,2026-04-18,21:09:40,-07:00,2026-04-18T21:09:40-07:00,0,0
style.css,108,css,1b48f51e,Rose Park,2026-04-18,21:09:40,-07:00,2026-04-18T21:09:40-07:00,0,13
style.css,109,css,1b48f51e,Rose Park,2026-04-18,21:09:40,-07:00,2026-04-18T21:09:40-07:00,1,43
style.css,110,css,1b48f51e,Rose Park,2026-04-18,21:09:40,-07:00,2026-04-18T21:09:40-07:00,0,0
style.css,111,css,1b48f51e,Rose Park,2026-04-18,21:09:40,-07:00,2026-04-18T21:09:40-07:00,0,0
style.css,112,css,1b48f51e,Rose Park,2026-04-18,21:09:40,-07:00,2026-04-18T21:09:40-07:00,0,5
style.css,113,css,1b48f51e,Rose Park,2026-04-18,21:09:40,-07:00,2026-04-18T21:09:40-07:00,1,23
style.css,114,css,1b48f51e,Rose Park,2026-04-18,21:09:40,-07:00,2026-04-18T21:09:40-07:00,0,0
style.css,115,css,1b48f51e,Rose Park,2026-04-18,21:09:40,-07:00,2026-04-18T21:09:40-07:00,0,0
style.css,116,css,1b48f51e,Rose Park,2026-04-18,21:09:40,-07:00,2026-04-18T21:09:40-07:00,0,3
style.css,117,css,1b48f51e,Rose Park,2026-04-18,21:09:40,-07:00,2026-04-18T21:09:40-07:00,1,39
style.css,118,css,1b48f51e,Rose Park,2026-04-18,21:09:40,-07:00,2026-04-18T21:09:40-07:00,1,43
style.css,119,css,1b48f51e,Rose Park,2026-04-18,21:09:40,-07:00,2026-04-18T21:09:40-07:00,0,0
style.css,120,css,1b48f51e,Rose Park,2026-04-18,21:09:40,-07:00,2026-04-18T21:09:40-07:00,0,0
style.css,121,css,1b48f51e,Rose Park,2026-04-18,21:09:40,-07:00,2026-04-18T21:09:40-07:00,0,11
style.css,122,css,1b48f51e,Rose Park,2026-04-18,21:09:40,-07:00,2026-04-18T21:09:40-07:00,1,69
style.css,123,css,1b48f51e,Rose Park,2026-04-18,21:09:40,-07:00,2026-04-18T21:09:40-07:00,0,0
style.css,124,css,1b48f51e,Rose Park,2026-04-18,21:09:40,-07:00,2026-04-18T21:09:40-07:00,0,0
style.css,125,css,1b48f51e,Rose Park,2026-04-18,21:09:40,-07:00,2026-04-18T21:09:40-07:00,0,13
style.css,126,css,1b48f51e,Rose Park,2026-04-18,21:09:40,-07:00,2026-04-18T21:09:40-07:00,1,14
style.css,127,css,1b48f51e,Rose Park,2026-04-18,21:09:40,-07:00,2026-04-18T21:09:40-07:00,1,8
style.css,128,css,1b48f51e,Rose Park,2026-04-18,21:09:40,-07:00,2026-04-18T21:09:40-07:00,1,10
style.css,129,css,1b48f51e,Rose Park,2026-04-18,21:09:40,-07:00,2026-04-18T21:09:40-07:00,1,13
style.css,130,css,1b48f51e,Rose Park,2026-04-18,21:09:40,-07:00,2026-04-18T21:09:40-07:00,1,12
style.css,131,css,1b48f51e,Rose Park,2026-04-18,21:09:40,-07:00,2026-04-18T21:09:40-07:00,1,18
style.css,132,css,1b48f51e,Rose Park,2026-04-18,21:09:40,-07:00,2026-04-18T21:09:40-07:00,1,9
style.css,133,css,1b48f51e,Rose Park,2026-04-18,21:09:40,-07:00,2026-04-18T21:09:40-07:00,1,12
style.css,134,css,1b48f51e,Rose Park,2026-04-18,21:09:40,-07:00,2026-04-18T21:09:40-07:00,0,0
style.css,135,css,1b48f51e,Rose Park,2026-04-18,21:09:40,-07:00,2026-04-18T21:09:40-07:00,0,0
style.css,136,css,1b48f51e,Rose Park,2026-04-18,21:09:40,-07:00,2026-04-18T21:09:40-07:00,0,20
style.css,137,css,1b48f51e,Rose Park,2026-04-18,21:09:40,-07:00,2026-04-18T21:09:40-07:00,1,21
style.css,138,css,1b48f51e,Rose Park,2026-04-18,21:09:40,-07:00,2026-04-18T21:09:40-07:00,1,15
style.css,139,css,1b48f51e,Rose Park,2026-04-18,21:09:40,-07:00,2026-04-18T21:09:40-07:00,0,0
style.css,140,css,1b48f51e,Rose Park,2026-04-18,21:09:40,-07:00,2026-04-18T21:09:40-07:00,0,0
style.css,141,css,1b48f51e,Rose Park,2026-04-18,21:09:40,-07:00,2026-04-18T21:09:40-07:00,0,6
style.css,142,css,1b48f51e,Rose Park,2026-04-18,21:09:40,-07:00,2026-04-18T21:09:40-07:00,1,12
style.css,143,css,9519dec3,Rose Park,2026-04-24,20:16:43,-07:00,2026-04-24T20:16:43-07:00,0,0
style.css,144,css,9519dec3,Rose Park,2026-04-24,20:16:43,-07:00,2026-04-24T20:16:43-07:00,0,0
style.css,145,css,9519dec3,Rose Park,2026-04-24,20:16:43,-07:00,2026-04-24T20:16:43-07:00,0,17
style.css,146,css,9519dec3,Rose Park,2026-04-24,20:16:43,-07:00,2026-04-24T20:16:43-07:00,1,12
style.css,147,css,9519dec3,Rose Park,2026-04-24,20:16:43,-07:00,2026-04-24T20:16:43-07:00,1,36
style.css,148,css,9519dec3,Rose Park,2026-04-24,20:16:43,-07:00,2026-04-24T20:16:43-07:00,1,7
style.css,149,css,9519dec3,Rose Park,2026-04-24,20:16:43,-07:00,2026-04-24T20:16:43-07:00,1,17
style.css,150,css,9519dec3,Rose Park,2026-04-24,20:16:43,-07:00,2026-04-24T20:16:43-07:00,1,14
style.css,151,css,9519dec3,Rose Park,2026-04-24,20:16:43,-07:00,2026-04-24T20:16:43-07:00,0,0
style.css,152,css,9519dec3,Rose Park,2026-04-24,20:16:43,-07:00,2026-04-24T20:16:43-07:00,0,0
style.css,153,css,9519dec3,Rose Park,2026-04-24,20:16:43,-07:00,2026-04-24T20:16:43-07:00,0,17
style.css,154,css,9519dec3,Rose Park,2026-04-24,20:16:43,-07:00,2026-04-24T20:16:43-07:00,1,10
style.css,155,css,9519dec3,Rose Park,2026-04-24,20:16:43,-07:00,2026-04-24T20:16:43-07:00,1,16
style.css,156,css,9519dec3,Rose Park,2026-04-24,20:16:43,-07:00,2026-04-24T20:16:43-07:00,1,10
style.css,157,css,9519dec3,Rose Park,2026-04-24,20:16:43,-07:00,2026-04-24T20:16:43-07:00,1,21
style.css,158,css,9519dec3,Rose Park,2026-04-24,20:16:43,-07:00,2026-04-24T20:16:43-07:00,0,0
style.css,159,css,9519dec3,Rose Park,2026-04-24,20:16:43,-07:00,2026-04-24T20:16:43-07:00,0,0
style.css,160,css,9519dec3,Rose Park,2026-04-24,20:16:43,-07:00,2026-04-24T20:16:43-07:00,0,17
style.css,161,css,9519dec3,Rose Park,2026-04-24,20:16:43,-07:00,2026-04-24T20:16:43-07:00,1,10
style.css,162,css,9519dec3,Rose Park,2026-04-24,20:16:43,-07:00,2026-04-24T20:16:43-07:00,1,14
style.css,163,css,9519dec3,Rose Park,2026-04-24,20:16:43,-07:00,2026-04-24T20:16:43-07:00,1,8
style.css,164,css,9519dec3,Rose Park,2026-04-24,20:16:43,-07:00,2026-04-24T20:16:43-07:00,1,15
style.css,165,css,9519dec3,Rose Park,2026-04-24,20:16:43,-07:00,2026-04-24T20:16:43-07:00,0,0
style.css,166,css,9519dec3,Rose Park,2026-04-24,20:16:43,-07:00,2026-04-24T20:16:43-07:00,0,0
style.css,167,css,9519dec3,Rose Park,2026-04-24,20:16:43,-07:00,2026-04-24T20:16:43-07:00,0,14
style.css,168,css,9519dec3,Rose Park,2026-04-24,20:16:43,-07:00,2026-04-24T20:16:43-07:00,1,14
style.css,169,css,8cf95e9f,Rose Park,2026-05-01,19:02:36,-07:00,2026-05-01T19:02:36-07:00,0,0
style.css,170,css,8cf95e9f,Rose Park,2026-05-01,19:02:36,-07:00,2026-05-01T19:02:36-07:00,0,0
style.css,171,css,8cf95e9f,Rose Park,2026-05-01,19:02:36,-07:00,2026-05-01T19:02:36-07:00,0,13
style.css,172,css,8cf95e9f,Rose Park,2026-05-01,19:02:36,-07:00,2026-05-01T19:02:36-07:00,1,10
style.css,173,css,8cf95e9f,Rose Park,2026-05-01,19:02:36,-07:00,2026-05-01T19:02:36-07:00,1,30
style.css,174,css,8cf95e9f,Rose Park,2026-05-01,19:02:36,-07:00,2026-05-01T19:02:36-07:00,1,34
style.css,175,css,8cf95e9f,Rose Park,2026-05-01,19:02:36,-07:00,2026-05-01T19:02:36-07:00,1,17
style.css,176,css,8cf95e9f,Rose Park,2026-05-01,19:02:36,-07:00,2026-05-01T19:02:36-07:00,0,0
style.css,177,css,8cf95e9f,Rose Park,2026-05-01,19:02:36,-07:00,2026-05-01T19:02:36-07:00,0,0
style.css,178,css,8cf95e9f,Rose Park,2026-05-01,19:02:36,-07:00,2026-05-01T19:02:36-07:00,0,18
style.css,179,css,8cf95e9f,Rose Park,2026-05-01,19:02:36,-07:00,2026-05-01T19:02:36-07:00,1,13
style.css,180,css,8cf95e9f,Rose Park,2026-05-01,19:02:36,-07:00,2026-05-01T19:02:36-07:00,1,15
style.css,181,css,8cf95e9f,Rose Park,2026-05-01,19:02:36,-07:00,2026-05-01T19:02:36-07:00,1,11
style.css,182,css,8cf95e9f,Rose Park,2026-05-01,19:02:36,-07:00,2026-05-01T19:02:36-07:00,1,12
style.css,183,css,8cf95e9f,Rose Park,2026-05-01,19:02:36,-07:00,2026-05-01T19:02:36-07:00,0,0
style.css,184,css,8cf95e9f,Rose Park,2026-05-01,19:02:36,-07:00,2026-05-01T19:02:36-07:00,0,0
style.css,185,css,8cf95e9f,Rose Park,2026-05-01,19:02:36,-07:00,2026-05-01T19:02:36-07:00,0,7
style.css,186,css,8cf95e9f,Rose Park,2026-05-01,19:02:36,-07:00,2026-05-01T19:02:36-07:00,1,12
style.css,187,css,8cf95e9f,Rose Park,2026-05-01,19:02:36,-07:00,2026-05-01T19:02:36-07:00,1,57
style.css,188,css,8cf95e9f,Rose Park,2026-05-01,19:02:36,-07:00,2026-05-01T19:02:36-07:00,1,7
style.css,189,css,8cf95e9f,Rose Park,2026-05-01,19:02:36,-07:00,2026-05-01T19:02:36-07:00,1,14
style.css,190,css,8cf95e9f,Rose Park,2026-05-01,19:02:36,-07:00,2026-05-01T19:02:36-07:00,1,11
style.css,191,css,8cf95e9f,Rose Park,2026-05-01,19:02:36,-07:00,2026-05-01T19:02:36-07:00,1,36
style.css,192,css,8cf95e9f,Rose Park,2026-05-01,19:02:36,-07:00,2026-05-01T19:02:36-07:00,0,0
style.css,193,css,8cf95e9f,Rose Park,2026-05-01,19:02:36,-07:00,2026-05-01T19:02:36-07:00,0,0
style.css,194,css,8cf95e9f,Rose Park,2026-05-01,19:02:36,-07:00,2026-05-01T19:02:36-07:00,0,10
style.css,195,css,8cf95e9f,Rose Park,2026-05-01,19:02:36,-07:00,2026-05-01T19:02:36-07:00,1,12
style.css,196,css,8cf95e9f,Rose Park,2026-05-01,19:02:36,-07:00,2026-05-01T19:02:36-07:00,1,18
style.css,197,css,8cf95e9f,Rose Park,2026-05-01,19:02:36,-07:00,2026-05-01T19:02:36-07:00,1,9
style.css,198,css,8cf95e9f,Rose Park,2026-05-01,19:02:36,-07:00,2026-05-01T19:02:36-07:00,0,0
style.css,199,css,8cf95e9f,Rose Park,2026-05-01,19:02:36,-07:00,2026-05-01T19:02:36-07:00,0,0
style.css,200,css,8cf95e9f,Rose Park,2026-05-01,19:02:36,-07:00,2026-05-01T19:02:36-07:00,0,15
style.css,201,css,8cf95e9f,Rose Park,2026-05-01,19:02:36,-07:00,2026-05-01T19:02:36-07:00,1,9
style.css,202,css,8cf95e9f,Rose Park,2026-05-01,19:02:36,-07:00,2026-05-01T19:02:36-07:00,1,14
style.css,203,css,8cf95e9f,Rose Park,2026-05-01,19:02:36,-07:00,2026-05-01T19:02:36-07:00,1,23
style.css,204,css,8cf95e9f,Rose Park,2026-05-01,19:02:36,-07:00,2026-05-01T19:02:36-07:00,1,20
style.css,205,css,8cf95e9f,Rose Park,2026-05-01,19:02:36,-07:00,2026-05-01T19:02:36-07:00,1,19
style.css,206,css,8cf95e9f,Rose Park,2026-05-01,19:02:36,-07:00,2026-05-01T19:02:36-07:00,0,0
style.css,207,css,8cf95e9f,Rose Park,2026-05-01,19:02:36,-07:00,2026-05-01T19:02:36-07:00,0,0
style.css,208,css,8cf95e9f,Rose Park,2026-05-01,19:02:36,-07:00,2026-05-01T19:02:36-07:00,0,16
style.css,209,css,8cf95e9f,Rose Park,2026-05-01,19:02:36,-07:00,2026-05-01T19:02:36-07:00,1,12
style.css,210,css,8cf95e9f,Rose Park,2026-05-01,19:02:36,-07:00,2026-05-01T19:02:36-07:00,1,18
style.css,211,css,8cf95e9f,Rose Park,2026-05-01,19:02:36,-07:00,2026-05-01T19:02:36-07:00,1,22
style.css,212,css,8cf95e9f,Rose Park,2026-05-01,19:02:36,-07:00,2026-05-01T19:02:36-07:00,1,7
style.css,213,css,8cf95e9f,Rose Park,2026-05-01,19:02:36,-07:00,2026-05-01T19:02:36-07:00,0,0
style.css,214,css,8cf95e9f,Rose Park,2026-05-01,19:02:36,-07:00,2026-05-01T19:02:36-07:00,0,0
style.css,215,css,8cf95e9f,Rose Park,2026-05-01,19:02:36,-07:00,2026-05-01T19:02:36-07:00,0,18
style.css,216,css,8cf95e9f,Rose Park,2026-05-01,19:02:36,-07:00,2026-05-01T19:02:36-07:00,1,14
style.css,217,css,8cf95e9f,Rose Park,2026-05-01,19:02:36,-07:00,2026-05-01T19:02:36-07:00,1,13
style.css,218,css,8cf95e9f,Rose Park,2026-05-01,19:02:36,-07:00,2026-05-01T19:02:36-07:00,0,0
style.css,219,css,8cf95e9f,Rose Park,2026-05-01,19:02:36,-07:00,2026-05-01T19:02:36-07:00,0,0
style.css,220,css,8cf95e9f,Rose Park,2026-05-01,19:02:36,-07:00,2026-05-01T19:02:36-07:00,0,7
style.css,221,css,8cf95e9f,Rose Park,2026-05-01,19:02:36,-07:00,2026-05-01T19:02:36-07:00,1,12
style.css,222,css,8cf95e9f,Rose Park,2026-05-01,19:02:36,-07:00,2026-05-01T19:02:36-07:00,1,64
style.css,223,css,8cf95e9f,Rose Park,2026-05-01,19:02:36,-07:00,2026-05-01T19:02:36-07:00,1,16
style.css,224,css,8cf95e9f,Rose Park,2026-05-01,19:02:36,-07:00,2026-05-01T19:02:36-07:00,0,0
style.css,225,css,8cf95e9f,Rose Park,2026-05-01,19:02:36,-07:00,2026-05-01T19:02:36-07:00,0,0
style.css,226,css,8cf95e9f,Rose Park,2026-05-01,19:02:36,-07:00,2026-05-01T19:02:36-07:00,0,23
style.css,227,css,8cf95e9f,Rose Park,2026-05-01,19:02:36,-07:00,2026-05-01T19:02:36-07:00,1,16
style.css,228,css,8cf95e9f,Rose Park,2026-05-01,19:02:36,-07:00,2026-05-01T19:02:36-07:00,0,0
style.css,229,css,8cf95e9f,Rose Park,2026-05-01,19:02:36,-07:00,2026-05-01T19:02:36-07:00,0,0
style.css,230,css,8cf95e9f,Rose Park,2026-05-01,19:02:36,-07:00,2026-05-01T19:02:36-07:00,0,51
style.css,231,css,8cf95e9f,Rose Park,2026-05-01,19:02:36,-07:00,2026-05-01T19:02:36-07:00,1,11
style.css,232,css,8cf95e9f,Rose Park,2026-05-01,19:02:36,-07:00,2026-05-01T19:02:36-07:00,0,0
style.css,233,css,8cf95e9f,Rose Park,2026-05-01,19:02:36,-07:00,2026-05-01T19:02:36-07:00,0,0
style.css,234,css,8cf95e9f,Rose Park,2026-05-01,19:02:36,-07:00,2026-05-01T19:02:36-07:00,0,9
style.css,235,css,8cf95e9f,Rose Park,2026-05-01,19:02:36,-07:00,2026-05-01T19:02:36-07:00,1,32
style.css,236,css,126716b3,Rose Park,2026-04-04,21:33:38,-07:00,2026-04-04T21:33:38-07:00,0,0
index.js,1,js,9519dec3,Rose Park,2026-04-24,20:16:43,-07:00,2026-04-24T20:16:43-07:00,0,54
index.js,2,js,9519dec3,Rose Park,2026-04-24,20:16:43,-07:00,2026-04-24T20:16:43-07:00,0,0
index.js,3,js,9519dec3,Rose Park,2026-04-24,20:16:43,-07:00,2026-04-24T20:16:43-07:00,0,54
index.js,4,js,9519dec3,Rose Park,2026-04-24,20:16:43,-07:00,2026-04-24T20:16:43-07:00,0,0
index.js,5,js,9519dec3,Rose Park,2026-04-24,20:16:43,-07:00,2026-04-24T20:16:43-07:00,0,42
index.js,6,js,9519dec3,Rose Park,2026-04-24,20:16:43,-07:00,2026-04-24T20:16:43-07:00,0,0
index.js,7,js,9519dec3,Rose Park,2026-04-24,20:16:43,-07:00,2026-04-24T20:16:43-07:00,0,52
index.js,8,js,9519dec3,Rose Park,2026-04-24,20:16:43,-07:00,2026-04-24T20:16:43-07:00,0,0
index.js,9,js,9519dec3,Rose Park,2026-04-24,20:16:43,-07:00,2026-04-24T20:16:43-07:00,0,46
index.js,10,js,9519dec3,Rose Park,2026-04-24,20:16:43,-07:00,2026-04-24T20:16:43-07:00,0,0
index.js,11,js,9519dec3,Rose Park,2026-04-24,20:16:43,-07:00,2026-04-24T20:16:43-07:00,0,44
index.js,12,js,9519dec3,Rose Park,2026-04-24,20:16:43,-07:00,2026-04-24T20:16:43-07:00,0,0
index.js,13,js,9519dec3,Rose Park,2026-04-24,20:16:43,-07:00,2026-04-24T20:16:43-07:00,0,51
index.js,14,js,9519dec3,Rose Park,2026-04-24,20:16:43,-07:00,2026-04-24T20:16:43-07:00,0,0
index.js,15,js,9519dec3,Rose Park,2026-04-24,20:16:43,-07:00,2026-04-24T20:16:43-07:00,0,60
index.js,16,js,9519dec3,Rose Park,2026-04-24,20:16:43,-07:00,2026-04-24T20:16:43-07:00,0,0
index.js,17,js,9519dec3,Rose Park,2026-04-24,20:16:43,-07:00,2026-04-24T20:16:43-07:00,0,17
index.js,18,js,9519dec3,Rose Park,2026-04-24,20:16:43,-07:00,2026-04-24T20:16:43-07:00,1,24
index.js,19,js,9519dec3,Rose Park,2026-04-24,20:16:43,-07:00,2026-04-24T20:16:43-07:00,2,2
index.js,20,js,9519dec3,Rose Park,2026-04-24,20:16:43,-07:00,2026-04-24T20:16:43-07:00,3,55
index.js,21,js,9519dec3,Rose Park,2026-04-24,20:16:43,-07:00,2026-04-24T20:16:43-07:00,3,55
index.js,22,js,9519dec3,Rose Park,2026-04-24,20:16:43,-07:00,2026-04-24T20:16:43-07:00,3,49
index.js,23,js,9519dec3,Rose Park,2026-04-24,20:16:43,-07:00,2026-04-24T20:16:43-07:00,3,49
index.js,24,js,9519dec3,Rose Park,2026-04-24,20:16:43,-07:00,2026-04-24T20:16:43-07:00,2,3
index.js,25,js,9519dec3,Rose Park,2026-04-24,20:16:43,-07:00,2026-04-24T20:16:43-07:00,1,0
index.js,26,js,9519dec3,Rose Park,2026-04-24,20:16:43,-07:00,2026-04-24T20:16:43-07:00,0,0
index.html,1,html,126716b3,Rose Park,2026-04-04,21:33:38,-07:00,2026-04-04T21:33:38-07:00,0,13
index.html,2,html,126716b3,Rose Park,2026-04-04,21:33:38,-07:00,2026-04-04T21:33:38-07:00,0,14
index.html,3,html,126716b3,Rose Park,2026-04-04,21:33:38,-07:00,2026-04-04T21:33:38-07:00,0,4
index.html,4,html,1b48f51e,Rose Park,2026-04-18,21:09:40,-07:00,2026-04-18T21:09:40-07:00,1,45
index.html,5,html,126716b3,Rose Park,2026-04-04,21:33:38,-07:00,2026-04-04T21:33:38-07:00,2,20
index.html,6,html,126716b3,Rose Park,2026-04-04,21:33:38,-07:00,2026-04-04T21:33:38-07:00,2,68
index.html,7,html,126716b3,Rose Park,2026-04-04,21:33:38,-07:00,2026-04-04T21:33:38-07:00,2,51
index.html,8,html,126716b3,Rose Park,2026-04-04,21:33:38,-07:00,2026-04-04T21:33:38-07:00,2,38
index.html,9,html,126716b3,Rose Park,2026-04-04,21:33:38,-07:00,2026-04-04T21:33:38-07:00,0,5
index.html,10,html,126716b3,Rose Park,2026-04-04,21:33:38,-07:00,2026-04-04T21:33:38-07:00,0,4
index.html,11,html,1b48f51e,Rose Park,2026-04-18,21:09:40,-07:00,2026-04-18T21:09:40-07:00,0,0
index.html,12,html,126716b3,Rose Park,2026-04-04,21:33:38,-07:00,2026-04-04T21:33:38-07:00,0,0
index.html,13,html,126716b3,Rose Park,2026-04-04,21:33:38,-07:00,2026-04-04T21:33:38-07:00,0,16
index.html,14,html,126716b3,Rose Park,2026-04-04,21:33:38,-07:00,2026-04-04T21:33:38-07:00,0,0
index.html,15,html,ed89d33d,Rose Park,2026-04-04,21:57:19,-07:00,2026-04-04T21:57:19-07:00,0,82
index.html,16,html,126716b3,Rose Park,2026-04-04,21:33:38,-07:00,2026-04-04T21:33:38-07:00,0,54
index.html,17,html,9519dec3,Rose Park,2026-04-24,20:16:43,-07:00,2026-04-24T20:16:43-07:00,0,0
index.html,18,html,9519dec3,Rose Park,2026-04-24,20:16:43,-07:00,2026-04-24T20:16:43-07:00,0,22
index.html,19,html,9519dec3,Rose Park,2026-04-24,20:16:43,-07:00,2026-04-24T20:16:43-07:00,0,26
index.html,20,html,9519dec3,Rose Park,2026-04-24,20:16:43,-07:00,2026-04-24T20:16:43-07:00,0,0
index.html,21,html,9519dec3,Rose Park,2026-04-24,20:16:43,-07:00,2026-04-24T20:16:43-07:00,0,22
index.html,22,html,9519dec3,Rose Park,2026-04-24,20:16:43,-07:00,2026-04-24T20:16:43-07:00,0,28
index.html,23,html,9519dec3,Rose Park,2026-04-24,20:16:43,-07:00,2026-04-24T20:16:43-07:00,0,0
index.html,24,html,9519dec3,Rose Park,2026-04-24,20:16:43,-07:00,2026-04-24T20:16:43-07:00,0,44
index.html,25,html,9519dec3,Rose Park,2026-04-24,20:16:43,-07:00,2026-04-24T20:16:43-07:00,0,0
index.html,26,html,126716b3,Rose Park,2026-04-04,21:33:38,-07:00,2026-04-04T21:33:38-07:00,0,5
index.html,27,html,126716b3,Rose Park,2026-04-04,21:33:38,-07:00,2026-04-04T21:33:38-07:00,0,5
global.js,1,js,1b48f51e,Rose Park,2026-04-18,21:09:40,-07:00,2026-04-18T21:09:40-07:00,0,25
global.js,2,js,1b48f51e,Rose Park,2026-04-18,21:09:40,-07:00,2026-04-18T21:09:40-07:00,0,0
global.js,3,js,1b48f51e,Rose Park,2026-04-18,21:09:40,-07:00,2026-04-18T21:09:40-07:00,0,41
global.js,4,js,1b48f51e,Rose Park,2026-04-18,21:09:40,-07:00,2026-04-18T21:09:40-07:00,1,52
global.js,5,js,1b48f51e,Rose Park,2026-04-18,21:09:40,-07:00,2026-04-18T21:09:40-07:00,0,0
global.js,6,js,1b48f51e,Rose Park,2026-04-18,21:09:40,-07:00,2026-04-18T21:09:40-07:00,0,0
global.js,7,js,1b48f51e,Rose Park,2026-04-18,21:09:40,-07:00,2026-04-18T21:09:40-07:00,0,11
global.js,8,js,1b48f51e,Rose Park,2026-04-18,21:09:40,-07:00,2026-04-18T21:09:40-07:00,1,25
global.js,9,js,1b48f51e,Rose Park,2026-04-18,21:09:40,-07:00,2026-04-18T21:09:40-07:00,1,38
global.js,10,js,1b48f51e,Rose Park,2026-04-18,21:09:40,-07:00,2026-04-18T21:09:40-07:00,1,36
global.js,11,js,1b48f51e,Rose Park,2026-04-18,21:09:40,-07:00,2026-04-18T21:09:40-07:00,1,34
global.js,12,js,1b48f51e,Rose Park,2026-04-18,21:09:40,-07:00,2026-04-18T21:09:40-07:00,1,53
global.js,13,js,1b48f51e,Rose Park,2026-04-18,21:09:40,-07:00,2026-04-18T21:09:40-07:00,0,0
global.js,14,js,1b48f51e,Rose Park,2026-04-18,21:09:40,-07:00,2026-04-18T21:09:40-07:00,0,0
global.js,15,js,1b48f51e,Rose Park,2026-04-18,21:09:40,-07:00,2026-04-18T21:09:40-07:00,0,38
global.js,16,js,1b48f51e,Rose Park,2026-04-18,21:09:40,-07:00,2026-04-18T21:09:40-07:00,0,25
global.js,17,js,1b48f51e,Rose Park,2026-04-18,21:09:40,-07:00,2026-04-18T21:09:40-07:00,0,0
global.js,18,js,1b48f51e,Rose Park,2026-04-18,21:09:40,-07:00,2026-04-18T21:09:40-07:00,0,15
global.js,19,js,1b48f51e,Rose Park,2026-04-18,21:09:40,-07:00,2026-04-18T21:09:40-07:00,1,68
global.js,20,js,1b48f51e,Rose Park,2026-04-18,21:09:40,-07:00,2026-04-18T21:09:40-07:00,2,3
global.js,21,js,1b48f51e,Rose Park,2026-04-18,21:09:40,-07:00,2026-04-18T21:09:40-07:00,2,14
global.js,22,js,1b48f51e,Rose Park,2026-04-18,21:09:40,-07:00,2026-04-18T21:09:40-07:00,0,0
global.js,23,js,1b48f51e,Rose Park,2026-04-18,21:09:40,-07:00,2026-04-18T21:09:40-07:00,0,20
global.js,24,js,1b48f51e,Rose Park,2026-04-18,21:09:40,-07:00,2026-04-18T21:09:40-07:00,1,14
global.js,25,js,1b48f51e,Rose Park,2026-04-18,21:09:40,-07:00,2026-04-18T21:09:40-07:00,1,18
global.js,26,js,1b48f51e,Rose Park,2026-04-18,21:09:40,-07:00,2026-04-18T21:09:40-07:00,0,0
global.js,27,js,1b48f51e,Rose Park,2026-04-18,21:09:40,-07:00,2026-04-18T21:09:40-07:00,1,52
global.js,28,js,1b48f51e,Rose Park,2026-04-18,21:09:40,-07:00,2026-04-18T21:09:40-07:00,0,0
global.js,29,js,1b48f51e,Rose Park,2026-04-18,21:09:40,-07:00,2026-04-18T21:09:40-07:00,1,34
global.js,30,js,1b48f51e,Rose Park,2026-04-18,21:09:40,-07:00,2026-04-18T21:09:40-07:00,1,11
global.js,31,js,1b48f51e,Rose Park,2026-04-18,21:09:40,-07:00,2026-04-18T21:09:40-07:00,1,20
global.js,32,js,1b48f51e,Rose Park,2026-04-18,21:09:40,-07:00,2026-04-18T21:09:40-07:00,0,0
global.js,33,js,1b48f51e,Rose Park,2026-04-18,21:09:40,-07:00,2026-04-18T21:09:40-07:00,1,17
global.js,34,js,1b48f51e,Rose Park,2026-04-18,21:09:40,-07:00,2026-04-18T21:09:40-07:00,2,8
global.js,35,js,1b48f51e,Rose Park,2026-04-18,21:09:40,-07:00,2026-04-18T21:09:40-07:00,2,58
global.js,36,js,1b48f51e,Rose Park,2026-04-18,21:09:40,-07:00,2026-04-18T21:09:40-07:00,1,0
global.js,37,js,1b48f51e,Rose Park,2026-04-18,21:09:40,-07:00,2026-04-18T21:09:40-07:00,0,0
global.js,38,js,1b48f51e,Rose Park,2026-04-18,21:09:40,-07:00,2026-04-18T21:09:40-07:00,1,29
global.js,39,js,1b48f51e,Rose Park,2026-04-18,21:09:40,-07:00,2026-04-18T21:09:40-07:00,2,18
global.js,40,js,1b48f51e,Rose Park,2026-04-18,21:09:40,-07:00,2026-04-18T21:09:40-07:00,1,0
global.js,41,js,1b48f51e,Rose Park,2026-04-18,21:09:40,-07:00,2026-04-18T21:09:40-07:00,0,0
global.js,42,js,1b48f51e,Rose Park,2026-04-18,21:09:40,-07:00,2026-04-18T21:09:40-07:00,1,12
global.js,43,js,1b48f51e,Rose Park,2026-04-18,21:09:40,-07:00,2026-04-18T21:09:40-07:00,0,0
global.js,44,js,1b48f51e,Rose Park,2026-04-18,21:09:40,-07:00,2026-04-18T21:09:40-07:00,0,0
global.js,45,js,1b48f51e,Rose Park,2026-04-18,21:09:40,-07:00,2026-04-18T21:09:40-07:00,0,31
global.js,46,js,1b48f51e,Rose Park,2026-04-18,21:09:40,-07:00,2026-04-18T21:09:40-07:00,1,11
global.js,47,js,1b48f51e,Rose Park,2026-04-18,21:09:40,-07:00,2026-04-18T21:09:40-07:00,1,0
global.js,48,js,1b48f51e,Rose Park,2026-04-18,21:09:40,-07:00,2026-04-18T21:09:40-07:00,1,26
global.js,49,js,1b48f51e,Rose Park,2026-04-18,21:09:40,-07:00,2026-04-18T21:09:40-07:00,2,4
global.js,50,js,1b48f51e,Rose Park,2026-04-18,21:09:40,-07:00,2026-04-18T21:09:40-07:00,2,6
global.js,51,js,1b48f51e,Rose Park,2026-04-18,21:09:40,-07:00,2026-04-18T21:09:40-07:00,3,43
global.js,52,js,1b48f51e,Rose Park,2026-04-18,21:09:40,-07:00,2026-04-18T21:09:40-07:00,3,34
global.js,53,js,1b48f51e,Rose Park,2026-04-18,21:09:40,-07:00,2026-04-18T21:09:40-07:00,3,32
global.js,54,js,1b48f51e,Rose Park,2026-04-18,21:09:40,-07:00,2026-04-18T21:09:40-07:00,2,7
global.js,55,js,1b48f51e,Rose Park,2026-04-18,21:09:40,-07:00,2026-04-18T21:09:40-07:00,1,6
global.js,56,js,1b48f51e,Rose Park,2026-04-18,21:09:40,-07:00,2026-04-18T21:09:40-07:00,0,0
global.js,57,js,1b48f51e,Rose Park,2026-04-18,21:09:40,-07:00,2026-04-18T21:09:40-07:00,0,0
global.js,58,js,1b48f51e,Rose Park,2026-04-18,21:09:40,-07:00,2026-04-18T21:09:40-07:00,0,0
global.js,59,js,1b48f51e,Rose Park,2026-04-18,21:09:40,-07:00,2026-04-18T21:09:40-07:00,0,58
global.js,60,js,1b48f51e,Rose Park,2026-04-18,21:09:40,-07:00,2026-04-18T21:09:40-07:00,0,0
global.js,61,js,1b48f51e,Rose Park,2026-04-18,21:09:40,-07:00,2026-04-18T21:09:40-07:00,0,43
global.js,62,js,1b48f51e,Rose Park,2026-04-18,21:09:40,-07:00,2026-04-18T21:09:40-07:00,1,29
global.js,63,js,1b48f51e,Rose Park,2026-04-18,21:09:40,-07:00,2026-04-18T21:09:40-07:00,0,0
global.js,64,js,1b48f51e,Rose Park,2026-04-18,21:09:40,-07:00,2026-04-18T21:09:40-07:00,1,64
global.js,65,js,1b48f51e,Rose Park,2026-04-18,21:09:40,-07:00,2026-04-18T21:09:40-07:00,0,0
global.js,66,js,1b48f51e,Rose Park,2026-04-18,21:09:40,-07:00,2026-04-18T21:09:40-07:00,1,31
global.js,67,js,1b48f51e,Rose Park,2026-04-18,21:09:40,-07:00,2026-04-18T21:09:40-07:00,0,1
global.js,68,js,1b48f51e,Rose Park,2026-04-18,21:09:40,-07:00,2026-04-18T21:09:40-07:00,0,0
global.js,69,js,1b48f51e,Rose Park,2026-04-18,21:09:40,-07:00,2026-04-18T21:09:40-07:00,0,34
global.js,70,js,1b48f51e,Rose Park,2026-04-18,21:09:40,-07:00,2026-04-18T21:09:40-07:00,1,35
global.js,71,js,1b48f51e,Rose Park,2026-04-18,21:09:40,-07:00,2026-04-18T21:09:40-07:00,0,0
global.js,72,js,1b48f51e,Rose Park,2026-04-18,21:09:40,-07:00,2026-04-18T21:09:40-07:00,1,64
global.js,73,js,1b48f51e,Rose Park,2026-04-18,21:09:40,-07:00,2026-04-18T21:09:40-07:00,0,0
global.js,74,js,1b48f51e,Rose Park,2026-04-18,21:09:40,-07:00,2026-04-18T21:09:40-07:00,1,19
global.js,75,js,9519dec3,Rose Park,2026-04-24,20:16:43,-07:00,2026-04-24T20:16:43-07:00,0,0
global.js,76,js,9519dec3,Rose Park,2026-04-24,20:16:43,-07:00,2026-04-24T20:16:43-07:00,0,0
global.js,77,js,9519dec3,Rose Park,2026-04-24,20:16:43,-07:00,2026-04-24T20:16:43-07:00,0,36
global.js,78,js,9519dec3,Rose Park,2026-04-24,20:16:43,-07:00,2026-04-24T20:16:43-07:00,1,3
global.js,79,js,9519dec3,Rose Park,2026-04-24,20:16:43,-07:00,2026-04-24T20:16:43-07:00,2,32
global.js,80,js,9519dec3,Rose Park,2026-04-24,20:16:43,-07:00,2026-04-24T20:16:43-07:00,0,0
global.js,81,js,9519dec3,Rose Park,2026-04-24,20:16:43,-07:00,2026-04-24T20:16:43-07:00,2,17
global.js,82,js,9519dec3,Rose Park,2026-04-24,20:16:43,-07:00,2026-04-24T20:16:43-07:00,3,57
global.js,83,js,9519dec3,Rose Park,2026-04-24,20:16:43,-07:00,2026-04-24T20:16:43-07:00,2,0
global.js,84,js,9519dec3,Rose Park,2026-04-24,20:16:43,-07:00,2026-04-24T20:16:43-07:00,0,0
global.js,85,js,9519dec3,Rose Park,2026-04-24,20:16:43,-07:00,2026-04-24T20:16:43-07:00,2,33
global.js,86,js,9519dec3,Rose Park,2026-04-24,20:16:43,-07:00,2026-04-24T20:16:43-07:00,2,10
global.js,87,js,9519dec3,Rose Park,2026-04-24,20:16:43,-07:00,2026-04-24T20:16:43-07:00,0,0
global.js,88,js,9519dec3,Rose Park,2026-04-24,20:16:43,-07:00,2026-04-24T20:16:43-07:00,1,15
global.js,89,js,9519dec3,Rose Park,2026-04-24,20:16:43,-07:00,2026-04-24T20:16:43-07:00,2,43
global.js,90,js,9519dec3,Rose Park,2026-04-24,20:16:43,-07:00,2026-04-24T20:16:43-07:00,1,0
global.js,91,js,9519dec3,Rose Park,2026-04-24,20:16:43,-07:00,2026-04-24T20:16:43-07:00,0,0
global.js,92,js,9519dec3,Rose Park,2026-04-24,20:16:43,-07:00,2026-04-24T20:16:43-07:00,0,0
global.js,93,js,9519dec3,Rose Park,2026-04-24,20:16:43,-07:00,2026-04-24T20:16:43-07:00,0,72
global.js,94,js,9519dec3,Rose Park,2026-04-24,20:16:43,-07:00,2026-04-24T20:16:43-07:00,1,23
global.js,95,js,9519dec3,Rose Park,2026-04-24,20:16:43,-07:00,2026-04-24T20:16:43-07:00,0,0
global.js,96,js,9519dec3,Rose Park,2026-04-24,20:16:43,-07:00,2026-04-24T20:16:43-07:00,1,29
global.js,97,js,9519dec3,Rose Park,2026-04-24,20:16:43,-07:00,2026-04-24T20:16:43-07:00,2,48
global.js,98,js,9519dec3,Rose Park,2026-04-24,20:16:43,-07:00,2026-04-24T20:16:43-07:00,0,0
global.js,99,js,9519dec3,Rose Park,2026-04-24,20:16:43,-07:00,2026-04-24T20:16:43-07:00,2,19
global.js,100,js,8cf95e9f,Rose Park,2026-05-01,19:02:36,-07:00,2026-05-01T19:02:36-07:00,1,23
global.js,101,js,8cf95e9f,Rose Park,2026-05-01,19:02:36,-07:00,2026-05-01T19:02:36-07:00,1,49
global.js,102,js,8cf95e9f,Rose Park,2026-05-01,19:02:36,-07:00,2026-05-01T19:02:36-07:00,1,3
global.js,103,js,8cf95e9f,Rose Park,2026-05-01,19:02:36,-07:00,2026-05-01T19:02:36-07:00,2,27
global.js,104,js,8cf95e9f,Rose Park,2026-05-01,19:02:36,-07:00,2026-05-01T19:02:36-07:00,2,41
global.js,105,js,8cf95e9f,Rose Park,2026-05-01,19:02:36,-07:00,2026-05-01T19:02:36-07:00,1,4
global.js,106,js,8cf95e9f,Rose Park,2026-05-01,19:02:36,-07:00,2026-05-01T19:02:36-07:00,0,0
global.js,107,js,9519dec3,Rose Park,2026-04-24,20:16:43,-07:00,2026-04-24T20:16:43-07:00,0,0
global.js,108,js,9519dec3,Rose Park,2026-04-24,20:16:43,-07:00,2026-04-24T20:16:43-07:00,2,29
global.js,109,js,9519dec3,Rose Park,2026-04-24,20:16:43,-07:00,2026-04-24T20:16:43-07:00,1,0
global.js,110,js,9519dec3,Rose Park,2026-04-24,20:16:43,-07:00,2026-04-24T20:16:43-07:00,0,0
global.js,111,js,9519dec3,Rose Park,2026-04-24,20:16:43,-07:00,2026-04-24T20:16:43-07:00,0,0
global.js,112,js,9519dec3,Rose Park,2026-04-24,20:16:43,-07:00,2026-04-24T20:16:43-07:00,0,47
global.js,113,js,9519dec3,Rose Park,2026-04-24,20:16:43,-07:00,2026-04-24T20:16:43-07:00,1,59
global.js,114,js,1b48f51e,Rose Park,2026-04-18,21:09:40,-07:00,2026-04-18T21:09:40-07:00,0,0
resume/index.html,1,html,ed89d33d,Rose Park,2026-04-04,21:57:19,-07:00,2026-04-04T21:57:19-07:00,0,13
resume/index.html,2,html,ed89d33d,Rose Park,2026-04-04,21:57:19,-07:00,2026-04-04T21:57:19-07:00,0,4
resume/index.html,3,html,ed89d33d,Rose Park,2026-04-04,21:57:19,-07:00,2026-04-04T21:57:19-07:00,0,4
resume/index.html,4,html,1b48f51e,Rose Park,2026-04-18,21:09:40,-07:00,2026-04-18T21:09:40-07:00,1,48
resume/index.html,5,html,ed89d33d,Rose Park,2026-04-04,21:57:19,-07:00,2026-04-04T21:57:19-07:00,1,19
resume/index.html,6,html,ed89d33d,Rose Park,2026-04-04,21:57:19,-07:00,2026-04-04T21:57:19-07:00,1,41
resume/index.html,7,html,ed89d33d,Rose Park,2026-04-04,21:57:19,-07:00,2026-04-04T21:57:19-07:00,0,5
resume/index.html,8,html,ed89d33d,Rose Park,2026-04-04,21:57:19,-07:00,2026-04-04T21:57:19-07:00,0,4
resume/index.html,9,html,ed89d33d,Rose Park,2026-04-04,21:57:19,-07:00,2026-04-04T21:57:19-07:00,0,0
resume/index.html,10,html,ed89d33d,Rose Park,2026-04-04,21:57:19,-07:00,2026-04-04T21:57:19-07:00,0,0
resume/index.html,11,html,ed89d33d,Rose Park,2026-04-04,21:57:19,-07:00,2026-04-04T21:57:19-07:00,0,16
resume/index.html,12,html,ed89d33d,Rose Park,2026-04-04,21:57:19,-07:00,2026-04-04T21:57:19-07:00,0,36
resume/index.html,13,html,ed89d33d,Rose Park,2026-04-04,21:57:19,-07:00,2026-04-04T21:57:19-07:00,0,0
resume/index.html,14,html,ed89d33d,Rose Park,2026-04-04,21:57:19,-07:00,2026-04-04T21:57:19-07:00,0,7
resume/index.html,15,html,ed89d33d,Rose Park,2026-04-04,21:57:19,-07:00,2026-04-04T21:57:19-07:00,1,14
resume/index.html,16,html,ed89d33d,Rose Park,2026-04-04,21:57:19,-07:00,2026-04-04T21:57:19-07:00,1,1
resume/index.html,17,html,ed89d33d,Rose Park,2026-04-04,21:57:19,-07:00,2026-04-04T21:57:19-07:00,2,127
resume/index.html,18,html,ed89d33d,Rose Park,2026-04-04,21:57:19,-07:00,2026-04-04T21:57:19-07:00,2,219
resume/index.html,19,html,ed89d33d,Rose Park,2026-04-04,21:57:19,-07:00,2026-04-04T21:57:19-07:00,1,2
resume/index.html,20,html,ed89d33d,Rose Park,2026-04-04,21:57:19,-07:00,2026-04-04T21:57:19-07:00,0,8
resume/index.html,21,html,ed89d33d,Rose Park,2026-04-04,21:57:19,-07:00,2026-04-04T21:57:19-07:00,0,0
resume/index.html,22,html,ed89d33d,Rose Park,2026-04-04,21:57:19,-07:00,2026-04-04T21:57:19-07:00,0,7
resume/index.html,23,html,ed89d33d,Rose Park,2026-04-04,21:57:19,-07:00,2026-04-04T21:57:19-07:00,1,16
resume/index.html,24,html,ed89d33d,Rose Park,2026-04-04,21:57:19,-07:00,2026-04-04T21:57:19-07:00,0,0
resume/index.html,25,html,ed89d33d,Rose Park,2026-04-04,21:57:19,-07:00,2026-04-04T21:57:19-07:00,1,7
resume/index.html,26,html,ed89d33d,Rose Park,2026-04-04,21:57:19,-07:00,2026-04-04T21:57:19-07:00,2,42
resume/index.html,27,html,ed89d33d,Rose Park,2026-04-04,21:57:19,-07:00,2026-04-04T21:57:19-07:00,2,22
resume/index.html,28,html,ed89d33d,Rose Park,2026-04-04,21:57:19,-07:00,2026-04-04T21:57:19-07:00,2,42
resume/index.html,29,html,ed89d33d,Rose Park,2026-04-04,21:57:19,-07:00,2026-04-04T21:57:19-07:00,2,130
resume/index.html,30,html,ed89d33d,Rose Park,2026-04-04,21:57:19,-07:00,2026-04-04T21:57:19-07:00,1,8
resume/index.html,31,html,ed89d33d,Rose Park,2026-04-04,21:57:19,-07:00,2026-04-04T21:57:19-07:00,0,0
resume/index.html,32,html,ed89d33d,Rose Park,2026-04-04,21:57:19,-07:00,2026-04-04T21:57:19-07:00,1,7
resume/index.html,33,html,ed89d33d,Rose Park,2026-04-04,21:57:19,-07:00,2026-04-04T21:57:19-07:00,2,22
resume/index.html,34,html,ed89d33d,Rose Park,2026-04-04,21:57:19,-07:00,2026-04-04T21:57:19-07:00,2,43
resume/index.html,35,html,ed89d33d,Rose Park,2026-04-04,21:57:19,-07:00,2026-04-04T21:57:19-07:00,2,37
resume/index.html,36,html,ed89d33d,Rose Park,2026-04-04,21:57:19,-07:00,2026-04-04T21:57:19-07:00,1,8
resume/index.html,37,html,ed89d33d,Rose Park,2026-04-04,21:57:19,-07:00,2026-04-04T21:57:19-07:00,0,8
resume/index.html,38,html,ed89d33d,Rose Park,2026-04-04,21:57:19,-07:00,2026-04-04T21:57:19-07:00,0,0
resume/index.html,39,html,ed89d33d,Rose Park,2026-04-04,21:57:19,-07:00,2026-04-04T21:57:19-07:00,0,7
resume/index.html,40,html,ed89d33d,Rose Park,2026-04-04,21:57:19,-07:00,2026-04-04T21:57:19-07:00,1,23
resume/index.html,41,html,ed89d33d,Rose Park,2026-04-04,21:57:19,-07:00,2026-04-04T21:57:19-07:00,0,0
resume/index.html,42,html,ed89d33d,Rose Park,2026-04-04,21:57:19,-07:00,2026-04-04T21:57:19-07:00,1,58
resume/index.html,43,html,ed89d33d,Rose Park,2026-04-04,21:57:19,-07:00,2026-04-04T21:57:19-07:00,0,0
resume/index.html,44,html,ed89d33d,Rose Park,2026-04-04,21:57:19,-07:00,2026-04-04T21:57:19-07:00,1,71
resume/index.html,45,html,ed89d33d,Rose Park,2026-04-04,21:57:19,-07:00,2026-04-04T21:57:19-07:00,0,0
resume/index.html,46,html,ed89d33d,Rose Park,2026-04-04,21:57:19,-07:00,2026-04-04T21:57:19-07:00,1,106
resume/index.html,47,html,ed89d33d,Rose Park,2026-04-04,21:57:19,-07:00,2026-04-04T21:57:19-07:00,0,0
resume/index.html,48,html,ed89d33d,Rose Park,2026-04-04,21:57:19,-07:00,2026-04-04T21:57:19-07:00,1,172
resume/index.html,49,html,ed89d33d,Rose Park,2026-04-04,21:57:19,-07:00,2026-04-04T21:57:19-07:00,0,8
resume/index.html,50,html,ed89d33d,Rose Park,2026-04-04,21:57:19,-07:00,2026-04-04T21:57:19-07:00,0,0
resume/index.html,51,html,ed89d33d,Rose Park,2026-04-04,21:57:19,-07:00,2026-04-04T21:57:19-07:00,0,7
resume/index.html,52,html,ed89d33d,Rose Park,2026-04-04,21:57:19,-07:00,2026-04-04T21:57:19-07:00,1,15
resume/index.html,53,html,ed89d33d,Rose Park,2026-04-04,21:57:19,-07:00,2026-04-04T21:57:19-07:00,0,0
resume/index.html,54,html,ed89d33d,Rose Park,2026-04-04,21:57:19,-07:00,2026-04-04T21:57:19-07:00,1,7
resume/index.html,55,html,ed89d33d,Rose Park,2026-04-04,21:57:19,-07:00,2026-04-04T21:57:19-07:00,2,39
resume/index.html,56,html,ed89d33d,Rose Park,2026-04-04,21:57:19,-07:00,2026-04-04T21:57:19-07:00,2,9
resume/index.html,57,html,ed89d33d,Rose Park,2026-04-04,21:57:19,-07:00,2026-04-04T21:57:19-07:00,2,2
resume/index.html,58,html,ed89d33d,Rose Park,2026-04-04,21:57:19,-07:00,2026-04-04T21:57:19-07:00,3,75
resume/index.html,59,html,ed89d33d,Rose Park,2026-04-04,21:57:19,-07:00,2026-04-04T21:57:19-07:00,3,65
resume/index.html,60,html,ed89d33d,Rose Park,2026-04-04,21:57:19,-07:00,2026-04-04T21:57:19-07:00,3,56
resume/index.html,61,html,ed89d33d,Rose Park,2026-04-04,21:57:19,-07:00,2026-04-04T21:57:19-07:00,3,52
resume/index.html,62,html,ed89d33d,Rose Park,2026-04-04,21:57:19,-07:00,2026-04-04T21:57:19-07:00,2,3
resume/index.html,63,html,ed89d33d,Rose Park,2026-04-04,21:57:19,-07:00,2026-04-04T21:57:19-07:00,1,8
resume/index.html,64,html,ed89d33d,Rose Park,2026-04-04,21:57:19,-07:00,2026-04-04T21:57:19-07:00,0,0
resume/index.html,65,html,ed89d33d,Rose Park,2026-04-04,21:57:19,-07:00,2026-04-04T21:57:19-07:00,1,7
resume/index.html,66,html,ed89d33d,Rose Park,2026-04-04,21:57:19,-07:00,2026-04-04T21:57:19-07:00,2,40
resume/index.html,67,html,ed89d33d,Rose Park,2026-04-04,21:57:19,-07:00,2026-04-04T21:57:19-07:00,2,9
resume/index.html,68,html,ed89d33d,Rose Park,2026-04-04,21:57:19,-07:00,2026-04-04T21:57:19-07:00,2,2
resume/index.html,69,html,ed89d33d,Rose Park,2026-04-04,21:57:19,-07:00,2026-04-04T21:57:19-07:00,3,65
resume/index.html,70,html,ed89d33d,Rose Park,2026-04-04,21:57:19,-07:00,2026-04-04T21:57:19-07:00,3,55
resume/index.html,71,html,ed89d33d,Rose Park,2026-04-04,21:57:19,-07:00,2026-04-04T21:57:19-07:00,3,44
resume/index.html,72,html,ed89d33d,Rose Park,2026-04-04,21:57:19,-07:00,2026-04-04T21:57:19-07:00,2,3
resume/index.html,73,html,ed89d33d,Rose Park,2026-04-04,21:57:19,-07:00,2026-04-04T21:57:19-07:00,1,8
resume/index.html,74,html,ed89d33d,Rose Park,2026-04-04,21:57:19,-07:00,2026-04-04T21:57:19-07:00,0,0
resume/index.html,75,html,ed89d33d,Rose Park,2026-04-04,21:57:19,-07:00,2026-04-04T21:57:19-07:00,0,8
resume/index.html,76,html,ed89d33d,Rose Park,2026-04-04,21:57:19,-07:00,2026-04-04T21:57:19-07:00,0,0
resume/index.html,77,html,ed89d33d,Rose Park,2026-04-04,21:57:19,-07:00,2026-04-04T21:57:19-07:00,0,7
resume/index.html,78,html,ed89d33d,Rose Park,2026-04-04,21:57:19,-07:00,2026-04-04T21:57:19-07:00,1,28
resume/index.html,79,html,ed89d33d,Rose Park,2026-04-04,21:57:19,-07:00,2026-04-04T21:57:19-07:00,1,2
resume/index.html,80,html,ed89d33d,Rose Park,2026-04-04,21:57:19,-07:00,2026-04-04T21:57:19-07:00,2,87
resume/index.html,81,html,ed89d33d,Rose Park,2026-04-04,21:57:19,-07:00,2026-04-04T21:57:19-07:00,2,79
resume/index.html,82,html,ed89d33d,Rose Park,2026-04-04,21:57:19,-07:00,2026-04-04T21:57:19-07:00,1,3
resume/index.html,83,html,ed89d33d,Rose Park,2026-04-04,21:57:19,-07:00,2026-04-04T21:57:19-07:00,0,8
resume/index.html,84,html,ed89d33d,Rose Park,2026-04-04,21:57:19,-07:00,2026-04-04T21:57:19-07:00,0,0
resume/index.html,85,html,ed89d33d,Rose Park,2026-04-04,21:57:19,-07:00,2026-04-04T21:57:19-07:00,0,5
resume/index.html,86,html,ed89d33d,Rose Park,2026-04-04,21:57:19,-07:00,2026-04-04T21:57:19-07:00,0,5
projects/projects.js,1,js,8cf95e9f,Rose Park,2026-05-01,19:02:36,-07:00,2026-05-01T19:02:36-07:00,0,21
projects/projects.js,2,js,8cf95e9f,Rose Park,2026-05-01,19:02:36,-07:00,2026-05-01T19:02:36-07:00,0,63
projects/projects.js,3,js,9519dec3,Rose Park,2026-04-24,20:16:43,-07:00,2026-04-24T20:16:43-07:00,0,55
projects/projects.js,4,js,9519dec3,Rose Park,2026-04-24,20:16:43,-07:00,2026-04-24T20:16:43-07:00,0,0
projects/projects.js,5,js,9519dec3,Rose Park,2026-04-24,20:16:43,-07:00,2026-04-24T20:16:43-07:00,0,55
projects/projects.js,6,js,9519dec3,Rose Park,2026-04-24,20:16:43,-07:00,2026-04-24T20:16:43-07:00,0,0
projects/projects.js,7,js,9519dec3,Rose Park,2026-04-24,20:16:43,-07:00,2026-04-24T20:16:43-07:00,0,52
projects/projects.js,8,js,9519dec3,Rose Park,2026-04-24,20:16:43,-07:00,2026-04-24T20:16:43-07:00,0,40
projects/projects.js,9,js,9519dec3,Rose Park,2026-04-24,20:16:43,-07:00,2026-04-24T20:16:43-07:00,0,0
projects/projects.js,10,js,9519dec3,Rose Park,2026-04-24,20:16:43,-07:00,2026-04-24T20:16:43-07:00,0,54
projects/projects.js,11,js,8cf95e9f,Rose Park,2026-05-01,19:02:36,-07:00,2026-05-01T19:02:36-07:00,0,50
projects/projects.js,12,js,8cf95e9f,Rose Park,2026-05-01,19:02:36,-07:00,2026-05-01T19:02:36-07:00,0,0
projects/projects.js,13,js,8cf95e9f,Rose Park,2026-05-01,19:02:36,-07:00,2026-05-01T19:02:36-07:00,0,38
projects/projects.js,14,js,8cf95e9f,Rose Park,2026-05-01,19:02:36,-07:00,2026-05-01T19:02:36-07:00,1,40
projects/projects.js,15,js,8cf95e9f,Rose Park,2026-05-01,19:02:36,-07:00,2026-05-01T19:02:36-07:00,1,32
projects/projects.js,16,js,8cf95e9f,Rose Park,2026-05-01,19:02:36,-07:00,2026-05-01T19:02:36-07:00,0,0
projects/projects.js,17,js,8cf95e9f,Rose Park,2026-05-01,19:02:36,-07:00,2026-05-01T19:02:36-07:00,1,29
projects/projects.js,18,js,8cf95e9f,Rose Park,2026-05-01,19:02:36,-07:00,2026-05-01T19:02:36-07:00,1,30
projects/projects.js,19,js,8cf95e9f,Rose Park,2026-05-01,19:02:36,-07:00,2026-05-01T19:02:36-07:00,0,0
projects/projects.js,20,js,8cf95e9f,Rose Park,2026-05-01,19:02:36,-07:00,2026-05-01T19:02:36-07:00,1,57
projects/projects.js,21,js,8cf95e9f,Rose Park,2026-05-01,19:02:36,-07:00,2026-05-01T19:02:36-07:00,1,47
projects/projects.js,22,js,8cf95e9f,Rose Park,2026-05-01,19:02:36,-07:00,2026-05-01T19:02:36-07:00,0,0
projects/projects.js,23,js,8cf95e9f,Rose Park,2026-05-01,19:02:36,-07:00,2026-05-01T19:02:36-07:00,1,26
projects/projects.js,24,js,8cf95e9f,Rose Park,2026-05-01,19:02:36,-07:00,2026-05-01T19:02:36-07:00,2,12
projects/projects.js,25,js,8cf95e9f,Rose Park,2026-05-01,19:02:36,-07:00,2026-05-01T19:02:36-07:00,2,12
projects/projects.js,26,js,8cf95e9f,Rose Park,2026-05-01,19:02:36,-07:00,2026-05-01T19:02:36-07:00,2,9
projects/projects.js,27,js,8cf95e9f,Rose Park,2026-05-01,19:02:36,-07:00,2026-05-01T19:02:36-07:00,1,0
projects/projects.js,28,js,8cf95e9f,Rose Park,2026-05-01,19:02:36,-07:00,2026-05-01T19:02:36-07:00,0,0
projects/projects.js,29,js,8cf95e9f,Rose Park,2026-05-01,19:02:36,-07:00,2026-05-01T19:02:36-07:00,1,44
projects/projects.js,30,js,8cf95e9f,Rose Park,2026-05-01,19:02:36,-07:00,2026-05-01T19:02:36-07:00,2,35
projects/projects.js,31,js,8cf95e9f,Rose Park,2026-05-01,19:02:36,-07:00,2026-05-01T19:02:36-07:00,1,1
projects/projects.js,32,js,8cf95e9f,Rose Park,2026-05-01,19:02:36,-07:00,2026-05-01T19:02:36-07:00,0,0
projects/projects.js,33,js,8cf95e9f,Rose Park,2026-05-01,19:02:36,-07:00,2026-05-01T19:02:36-07:00,1,48
projects/projects.js,34,js,8cf95e9f,Rose Park,2026-05-01,19:02:36,-07:00,2026-05-01T19:02:36-07:00,1,33
projects/projects.js,35,js,8cf95e9f,Rose Park,2026-05-01,19:02:36,-07:00,2026-05-01T19:02:36-07:00,1,43
projects/projects.js,36,js,ad67b047,Rose Park,2026-05-01,19:16:59,-07:00,2026-05-01T19:16:59-07:00,0,0
projects/projects.js,37,js,8cf95e9f,Rose Park,2026-05-01,19:02:36,-07:00,2026-05-01T19:02:36-07:00,1,26
projects/projects.js,38,js,8cf95e9f,Rose Park,2026-05-01,19:02:36,-07:00,2026-05-01T19:02:36-07:00,1,16
projects/projects.js,39,js,8cf95e9f,Rose Park,2026-05-01,19:02:36,-07:00,2026-05-01T19:02:36-07:00,2,13
projects/projects.js,40,js,8cf95e9f,Rose Park,2026-05-01,19:02:36,-07:00,2026-05-01T19:02:36-07:00,2,24
projects/projects.js,41,js,8cf95e9f,Rose Park,2026-05-01,19:02:36,-07:00,2026-05-01T19:02:36-07:00,2,53
projects/projects.js,42,js,8cf95e9f,Rose Park,2026-05-01,19:02:36,-07:00,2026-05-01T19:02:36-07:00,2,18
projects/projects.js,43,js,8cf95e9f,Rose Park,2026-05-01,19:02:36,-07:00,2026-05-01T19:02:36-07:00,3,47
projects/projects.js,44,js,8cf95e9f,Rose Park,2026-05-01,19:02:36,-07:00,2026-05-01T19:02:36-07:00,0,0
projects/projects.js,45,js,8cf95e9f,Rose Park,2026-05-01,19:02:36,-07:00,2026-05-01T19:02:36-07:00,3,28
projects/projects.js,46,js,8cf95e9f,Rose Park,2026-05-01,19:02:36,-07:00,2026-05-01T19:02:36-07:00,0,0
projects/projects.js,47,js,8cf95e9f,Rose Park,2026-05-01,19:02:36,-07:00,2026-05-01T19:02:36-07:00,3,25
projects/projects.js,48,js,8cf95e9f,Rose Park,2026-05-01,19:02:36,-07:00,2026-05-01T19:02:36-07:00,4,40
projects/projects.js,49,js,8cf95e9f,Rose Park,2026-05-01,19:02:36,-07:00,2026-05-01T19:02:36-07:00,3,6
projects/projects.js,50,js,8cf95e9f,Rose Park,2026-05-01,19:02:36,-07:00,2026-05-01T19:02:36-07:00,4,33
projects/projects.js,51,js,8cf95e9f,Rose Park,2026-05-01,19:02:36,-07:00,2026-05-01T19:02:36-07:00,0,0
projects/projects.js,52,js,8cf95e9f,Rose Park,2026-05-01,19:02:36,-07:00,2026-05-01T19:02:36-07:00,4,59
projects/projects.js,53,js,8cf95e9f,Rose Park,2026-05-01,19:02:36,-07:00,2026-05-01T19:02:36-07:00,0,0
projects/projects.js,54,js,8cf95e9f,Rose Park,2026-05-01,19:02:36,-07:00,2026-05-01T19:02:36-07:00,4,40
projects/projects.js,55,js,8cf95e9f,Rose Park,2026-05-01,19:02:36,-07:00,2026-05-01T19:02:36-07:00,3,0
projects/projects.js,56,js,8cf95e9f,Rose Park,2026-05-01,19:02:36,-07:00,2026-05-01T19:02:36-07:00,2,1
projects/projects.js,57,js,8cf95e9f,Rose Park,2026-05-01,19:02:36,-07:00,2026-05-01T19:02:36-07:00,0,1
projects/projects.js,58,js,8cf95e9f,Rose Park,2026-05-01,19:02:36,-07:00,2026-05-01T19:02:36-07:00,0,0
projects/projects.js,59,js,8cf95e9f,Rose Park,2026-05-01,19:02:36,-07:00,2026-05-01T19:02:36-07:00,1,24
projects/projects.js,60,js,8cf95e9f,Rose Park,2026-05-01,19:02:36,-07:00,2026-05-01T19:02:36-07:00,1,17
projects/projects.js,61,js,8cf95e9f,Rose Park,2026-05-01,19:02:36,-07:00,2026-05-01T19:02:36-07:00,2,53
projects/projects.js,62,js,8cf95e9f,Rose Park,2026-05-01,19:02:36,-07:00,2026-05-01T19:02:36-07:00,2,38
projects/projects.js,63,js,8cf95e9f,Rose Park,2026-05-01,19:02:36,-07:00,2026-05-01T19:02:36-07:00,2,5
projects/projects.js,64,js,8cf95e9f,Rose Park,2026-05-01,19:02:36,-07:00,2026-05-01T19:02:36-07:00,3,26
projects/projects.js,65,js,8cf95e9f,Rose Park,2026-05-01,19:02:36,-07:00,2026-05-01T19:02:36-07:00,3,30
projects/projects.js,66,js,8cf95e9f,Rose Park,2026-05-01,19:02:36,-07:00,2026-05-01T19:02:36-07:00,2,0
projects/projects.js,67,js,8cf95e9f,Rose Park,2026-05-01,19:02:36,-07:00,2026-05-01T19:02:36-07:00,2,18
projects/projects.js,68,js,8cf95e9f,Rose Park,2026-05-01,19:02:36,-07:00,2026-05-01T19:02:36-07:00,3,47
projects/projects.js,69,js,8cf95e9f,Rose Park,2026-05-01,19:02:36,-07:00,2026-05-01T19:02:36-07:00,0,0
projects/projects.js,70,js,8cf95e9f,Rose Park,2026-05-01,19:02:36,-07:00,2026-05-01T19:02:36-07:00,3,28
projects/projects.js,71,js,8cf95e9f,Rose Park,2026-05-01,19:02:36,-07:00,2026-05-01T19:02:36-07:00,0,0
projects/projects.js,72,js,8cf95e9f,Rose Park,2026-05-01,19:02:36,-07:00,2026-05-01T19:02:36-07:00,3,25
projects/projects.js,73,js,8cf95e9f,Rose Park,2026-05-01,19:02:36,-07:00,2026-05-01T19:02:36-07:00,4,40
projects/projects.js,74,js,8cf95e9f,Rose Park,2026-05-01,19:02:36,-07:00,2026-05-01T19:02:36-07:00,3,6
projects/projects.js,75,js,8cf95e9f,Rose Park,2026-05-01,19:02:36,-07:00,2026-05-01T19:02:36-07:00,4,33
projects/projects.js,76,js,8cf95e9f,Rose Park,2026-05-01,19:02:36,-07:00,2026-05-01T19:02:36-07:00,0,0
projects/projects.js,77,js,8cf95e9f,Rose Park,2026-05-01,19:02:36,-07:00,2026-05-01T19:02:36-07:00,4,59
projects/projects.js,78,js,8cf95e9f,Rose Park,2026-05-01,19:02:36,-07:00,2026-05-01T19:02:36-07:00,0,0
projects/projects.js,79,js,8cf95e9f,Rose Park,2026-05-01,19:02:36,-07:00,2026-05-01T19:02:36-07:00,4,40
projects/projects.js,80,js,8cf95e9f,Rose Park,2026-05-01,19:02:36,-07:00,2026-05-01T19:02:36-07:00,3,0
projects/projects.js,81,js,8cf95e9f,Rose Park,2026-05-01,19:02:36,-07:00,2026-05-01T19:02:36-07:00,2,1
projects/projects.js,82,js,8cf95e9f,Rose Park,2026-05-01,19:02:36,-07:00,2026-05-01T19:02:36-07:00,0,1
projects/projects.js,83,js,8cf95e9f,Rose Park,2026-05-01,19:02:36,-07:00,2026-05-01T19:02:36-07:00,0,0
projects/projects.js,84,js,8cf95e9f,Rose Park,2026-05-01,19:02:36,-07:00,2026-05-01T19:02:36-07:00,0,0
projects/projects.js,85,js,8cf95e9f,Rose Park,2026-05-01,19:02:36,-07:00,2026-05-01T19:02:36-07:00,0,0
projects/projects.js,86,js,8cf95e9f,Rose Park,2026-05-01,19:02:36,-07:00,2026-05-01T19:02:36-07:00,0,23
projects/projects.js,87,js,8cf95e9f,Rose Park,2026-05-01,19:02:36,-07:00,2026-05-01T19:02:36-07:00,0,0
projects/projects.js,88,js,8cf95e9f,Rose Park,2026-05-01,19:02:36,-07:00,2026-05-01T19:02:36-07:00,0,13
projects/projects.js,89,js,8cf95e9f,Rose Park,2026-05-01,19:02:36,-07:00,2026-05-01T19:02:36-07:00,0,53
projects/projects.js,90,js,8cf95e9f,Rose Park,2026-05-01,19:02:36,-07:00,2026-05-01T19:02:36-07:00,0,0
projects/projects.js,91,js,8cf95e9f,Rose Park,2026-05-01,19:02:36,-07:00,2026-05-01T19:02:36-07:00,0,48
projects/projects.js,92,js,ad67b047,Rose Park,2026-05-01,19:16:59,-07:00,2026-05-01T19:16:59-07:00,1,29
projects/projects.js,93,js,8cf95e9f,Rose Park,2026-05-01,19:02:36,-07:00,2026-05-01T19:02:36-07:00,0,0
projects/projects.js,94,js,8cf95e9f,Rose Park,2026-05-01,19:02:36,-07:00,2026-05-01T19:02:36-07:00,1,51
projects/projects.js,95,js,8cf95e9f,Rose Park,2026-05-01,19:02:36,-07:00,2026-05-01T19:02:36-07:00,2,58
projects/projects.js,96,js,8cf95e9f,Rose Park,2026-05-01,19:02:36,-07:00,2026-05-01T19:02:36-07:00,2,42
projects/projects.js,97,js,8cf95e9f,Rose Park,2026-05-01,19:02:36,-07:00,2026-05-01T19:02:36-07:00,1,1
projects/projects.js,98,js,8cf95e9f,Rose Park,2026-05-01,19:02:36,-07:00,2026-05-01T19:02:36-07:00,0,0
projects/projects.js,99,js,8cf95e9f,Rose Park,2026-05-01,19:02:36,-07:00,2026-05-01T19:02:36-07:00,1,48
projects/projects.js,100,js,8cf95e9f,Rose Park,2026-05-01,19:02:36,-07:00,2026-05-01T19:02:36-07:00,1,31
projects/projects.js,101,js,8cf95e9f,Rose Park,2026-05-01,19:02:36,-07:00,2026-05-01T19:02:36-07:00,0,1
projects/index.html,1,html,ed89d33d,Rose Park,2026-04-04,21:57:19,-07:00,2026-04-04T21:57:19-07:00,0,13
projects/index.html,2,html,ed89d33d,Rose Park,2026-04-04,21:57:19,-07:00,2026-04-04T21:57:19-07:00,0,4
projects/index.html,3,html,ed89d33d,Rose Park,2026-04-04,21:57:19,-07:00,2026-04-04T21:57:19-07:00,0,4
projects/index.html,4,html,1b48f51e,Rose Park,2026-04-18,21:09:40,-07:00,2026-04-18T21:09:40-07:00,1,48
projects/index.html,5,html,ed89d33d,Rose Park,2026-04-04,21:57:19,-07:00,2026-04-04T21:57:19-07:00,1,21
projects/index.html,6,html,ed89d33d,Rose Park,2026-04-04,21:57:19,-07:00,2026-04-04T21:57:19-07:00,1,41
projects/index.html,7,html,ed89d33d,Rose Park,2026-04-04,21:57:19,-07:00,2026-04-04T21:57:19-07:00,0,5
projects/index.html,8,html,ed89d33d,Rose Park,2026-04-04,21:57:19,-07:00,2026-04-04T21:57:19-07:00,0,4
projects/index.html,9,html,ed89d33d,Rose Park,2026-04-04,21:57:19,-07:00,2026-04-04T21:57:19-07:00,0,0
projects/index.html,10,html,8cf95e9f,Rose Park,2026-05-01,19:02:36,-07:00,2026-05-01T19:02:36-07:00,0,38
projects/index.html,11,html,ed89d33d,Rose Park,2026-04-04,21:57:19,-07:00,2026-04-04T21:57:19-07:00,0,0
projects/index.html,12,html,8cf95e9f,Rose Park,2026-05-01,19:02:36,-07:00,2026-05-01T19:02:36-07:00,0,27
projects/index.html,13,html,8cf95e9f,Rose Park,2026-05-01,19:02:36,-07:00,2026-05-01T19:02:36-07:00,1,58
projects/index.html,14,html,8cf95e9f,Rose Park,2026-05-01,19:02:36,-07:00,2026-05-01T19:02:36-07:00,1,22
projects/index.html,15,html,8cf95e9f,Rose Park,2026-05-01,19:02:36,-07:00,2026-05-01T19:02:36-07:00,0,4
projects/index.html,16,html,8cf95e9f,Rose Park,2026-05-01,19:02:36,-07:00,2026-05-01T19:02:36-07:00,0,0
projects/index.html,17,html,8cf95e9f,Rose Park,2026-05-01,19:02:36,-07:00,2026-05-01T19:02:36-07:00,0,4
projects/index.html,18,html,8cf95e9f,Rose Park,2026-05-01,19:02:36,-07:00,2026-05-01T19:02:36-07:00,1,15
projects/index.html,19,html,8cf95e9f,Rose Park,2026-05-01,19:02:36,-07:00,2026-05-01T19:02:36-07:00,1,11
projects/index.html,20,html,8cf95e9f,Rose Park,2026-05-01,19:02:36,-07:00,2026-05-01T19:02:36-07:00,1,33
projects/index.html,21,html,8cf95e9f,Rose Park,2026-05-01,19:02:36,-07:00,2026-05-01T19:02:36-07:00,1,26
projects/index.html,22,html,8cf95e9f,Rose Park,2026-05-01,19:02:36,-07:00,2026-05-01T19:02:36-07:00,0,0
projects/index.html,23,html,e12c26b9,Rose Park,2026-04-11,16:26:59,-07:00,2026-04-11T16:26:59-07:00,0,0
projects/index.html,24,html,8cf95e9f,Rose Park,2026-05-01,19:02:36,-07:00,2026-05-01T19:02:36-07:00,0,26
projects/index.html,25,html,ed89d33d,Rose Park,2026-04-04,21:57:19,-07:00,2026-04-04T21:57:19-07:00,0,0
projects/index.html,26,html,8cf95e9f,Rose Park,2026-05-01,19:02:36,-07:00,2026-05-01T19:02:36-07:00,0,47
projects/index.html,27,html,ed89d33d,Rose Park,2026-04-04,21:57:19,-07:00,2026-04-04T21:57:19-07:00,0,0
projects/index.html,28,html,8cf95e9f,Rose Park,2026-05-01,19:02:36,-07:00,2026-05-01T19:02:36-07:00,0,5
projects/index.html,29,html,ad67b047,Rose Park,2026-05-01,19:16:59,-07:00,2026-05-01T19:16:59-07:00,0,5
contact/index.html,1,html,ed89d33d,Rose Park,2026-04-04,21:57:19,-07:00,2026-04-04T21:57:19-07:00,0,13
contact/index.html,2,html,ed89d33d,Rose Park,2026-04-04,21:57:19,-07:00,2026-04-04T21:57:19-07:00,0,4
contact/index.html,3,html,ed89d33d,Rose Park,2026-04-04,21:57:19,-07:00,2026-04-04T21:57:19-07:00,0,4
contact/index.html,4,html,1b48f51e,Rose Park,2026-04-18,21:09:40,-07:00,2026-04-18T21:09:40-07:00,1,48
contact/index.html,5,html,ed89d33d,Rose Park,2026-04-04,21:57:19,-07:00,2026-04-04T21:57:19-07:00,1,20
contact/index.html,6,html,ed89d33d,Rose Park,2026-04-04,21:57:19,-07:00,2026-04-04T21:57:19-07:00,1,41
contact/index.html,7,html,ed89d33d,Rose Park,2026-04-04,21:57:19,-07:00,2026-04-04T21:57:19-07:00,0,5
contact/index.html,8,html,ed89d33d,Rose Park,2026-04-04,21:57:19,-07:00,2026-04-04T21:57:19-07:00,0,4
contact/index.html,9,html,ed89d33d,Rose Park,2026-04-04,21:57:19,-07:00,2026-04-04T21:57:19-07:00,0,0
contact/index.html,10,html,ed89d33d,Rose Park,2026-04-04,21:57:19,-07:00,2026-04-04T21:57:19-07:00,0,0
contact/index.html,11,html,ed89d33d,Rose Park,2026-04-04,21:57:19,-07:00,2026-04-04T21:57:19-07:00,0,14
contact/index.html,12,html,ed89d33d,Rose Park,2026-04-04,21:57:19,-07:00,2026-04-04T21:57:19-07:00,0,70
contact/index.html,13,html,ed89d33d,Rose Park,2026-04-04,21:57:19,-07:00,2026-04-04T21:57:19-07:00,0,0
contact/index.html,14,html,ed89d33d,Rose Park,2026-04-04,21:57:19,-07:00,2026-04-04T21:57:19-07:00,0,5
contact/index.html,15,html,ed89d33d,Rose Park,2026-04-04,21:57:19,-07:00,2026-04-04T21:57:19-07:00,1,4
contact/index.html,16,html,ed89d33d,Rose Park,2026-04-04,21:57:19,-07:00,2026-04-04T21:57:19-07:00,1,56
contact/index.html,17,html,ed89d33d,Rose Park,2026-04-04,21:57:19,-07:00,2026-04-04T21:57:19-07:00,0,6
contact/index.html,18,html,ed89d33d,Rose Park,2026-04-04,21:57:19,-07:00,2026-04-04T21:57:19-07:00,0,0
contact/index.html,19,html,ed89d33d,Rose Park,2026-04-04,21:57:19,-07:00,2026-04-04T21:57:19-07:00,0,2
contact/index.html,20,html,ed89d33d,Rose Park,2026-04-04,21:57:19,-07:00,2026-04-04T21:57:19-07:00,0,0
contact/index.html,21,html,ed89d33d,Rose Park,2026-04-04,21:57:19,-07:00,2026-04-04T21:57:19-07:00,0,5
contact/index.html,22,html,ed89d33d,Rose Park,2026-04-04,21:57:19,-07:00,2026-04-04T21:57:19-07:00,1,6
contact/index.html,23,html,ed89d33d,Rose Park,2026-04-04,21:57:19,-07:00,2026-04-04T21:57:19-07:00,1,34
contact/index.html,24,html,ed89d33d,Rose Park,2026-04-04,21:57:19,-07:00,2026-04-04T21:57:19-07:00,0,6
contact/index.html,25,html,ed89d33d,Rose Park,2026-04-04,21:57:19,-07:00,2026-04-04T21:57:19-07:00,0,0
contact/index.html,26,html,ed89d33d,Rose Park,2026-04-04,21:57:19,-07:00,2026-04-04T21:57:19-07:00,0,2
contact/index.html,27,html,ed89d33d,Rose Park,2026-04-04,21:57:19,-07:00,2026-04-04T21:57:19-07:00,0,0
contact/index.html,28,html,ed89d33d,Rose Park,2026-04-04,21:57:19,-07:00,2026-04-04T21:57:19-07:00,0,5
contact/index.html,29,html,ed89d33d,Rose Park,2026-04-04,21:57:19,-07:00,2026-04-04T21:57:19-07:00,1,3
contact/index.html,30,html,ed89d33d,Rose Park,2026-04-04,21:57:19,-07:00,2026-04-04T21:57:19-07:00,1,43
contact/index.html,31,html,ed89d33d,Rose Park,2026-04-04,21:57:19,-07:00,2026-04-04T21:57:19-07:00,0,6
contact/index.html,32,html,ed89d33d,Rose Park,2026-04-04,21:57:19,-07:00,2026-04-04T21:57:19-07:00,0,0
contact/index.html,33,html,ed89d33d,Rose Park,2026-04-04,21:57:19,-07:00,2026-04-04T21:57:19-07:00,0,2
contact/index.html,34,html,ed89d33d,Rose Park,2026-04-04,21:57:19,-07:00,2026-04-04T21:57:19-07:00,0,0
contact/index.html,35,html,ed89d33d,Rose Park,2026-04-04,21:57:19,-07:00,2026-04-04T21:57:19-07:00,0,19
contact/index.html,36,html,ed89d33d,Rose Park,2026-04-04,21:57:19,-07:00,2026-04-04T21:57:19-07:00,0,0
contact/index.html,37,html,ed89d33d,Rose Park,2026-04-04,21:57:19,-07:00,2026-04-04T21:57:19-07:00,0,5
contact/index.html,38,html,ed89d33d,Rose Park,2026-04-04,21:57:19,-07:00,2026-04-04T21:57:19-07:00,0,0
contact/index.html,39,html,ed89d33d,Rose Park,2026-04-04,21:57:19,-07:00,2026-04-04T21:57:19-07:00,0,5
contact/index.html,40,html,ed89d33d,Rose Park,2026-04-04,21:57:19,-07:00,2026-04-04T21:57:19-07:00,0,5
